ts	phase	decision	why	evidence	result
2026-09-27T01:15:47Z	frame	Inventory legacy workloads before replacing runners	The old runner includes model training and GPU work beyond dataframe operations	Benchmarks/Swift/BenchmarkMain.swift	open
2026-09-27T01:24:15Z	unit1	Added eight independently checked workload contracts; all 16 engine/case smoke checks passed	Preserve outputs and chunk boundaries instead of checking only counts	Benchmarks/Runs/migration-unit1/run.json	VERIFIED
2026-09-27T01:24:15Z	review	Removed eager full-table preparation from streaming cases	Reviewer found a redundant table retained alongside streamed chunks that distorted memory use	Benchmarks/Worker/main.swift	pending repeated smoke gate
2026-09-27T01:35:28Z	unit2	Independent Parquet validation rejected writer metadata and reader Boolean decoding	Own-library round trips masked standards incompatibility	Benchmarks/Runs/migration-unit2/run.json	NOT VERIFIED: production format defects reproduced
2026-09-27T01:35:28Z	scope	Keep model-training and GPU experiments explicitly in research suite	User chose separate research coverage while finishing validated core	/private/tmp/swiftsci-migration4/discovered.json	approved
2026-09-27T01:50:20Z	core	All 72 migrated smoke engine cases passed, including independent PyArrow validation	Test complete outputs for both adapters before large runs	Benchmarks/Runs/migration-core-smoke/run.json	VERIFIED
2026-09-27T01:50:20Z	inventory	Reconciled 135 legacy registrations: 60 replacement contracts and 75 research entries	Preserve unmatched learned-model and GPU work without certifying old timings	/private/tmp/swiftsci-migration4/inventory-final.json	VERIFIED
2026-09-27T01:58:11Z	review	Expanded ANOVA replacement from two groups to three after independent review	The legacy cases tested three groups; two groups missed that behavior	Benchmarks/Specs/workloads/anova-v1.json	45 contract tests pass; integrated validation pending
2026-09-27T01:58:11Z	parquet	Fixed standard Parquet metadata, compression boundaries and Boolean packing in aaee205171	Independent reader exposed incompatible files hidden by own-library round trips	/private/tmp/swiftsci-migration4/native-release-summary.json	905 native tests passed in each of Debug and Release, including three new interoperability regressions
2026-09-27T02:05:51Z	production	All 216 larger-run processes and 1080 measured outputs passed at 7d01ff5eb9	Verify mixed IO and numerical cases beyond tiny fixtures without changing tolerances	Benchmarks/Runs/migration-production/run.json	VERIFIED; all 30 measured Parquet files independently checked
2026-09-27T02:07:33Z	final	Final worker passed migration smoke, original smoke and all 54 NIST engine cases	Repeat conformance after the ANOVA review correction on the recorded commit	/private/tmp/swiftsci-migration4/final-results.json	VERIFIED; all four final run certificates passed checksum and coverage audit
2026-09-27T02:07:33Z	provenance	Matched all 479 native source, test and package files to the Debug/Release snapshot	The later ANOVA correction changed benchmark workers only	/private/tmp/swiftsci-migration4/native-source-match.json	VERIFIED; zero mismatches
2026-09-27T02:10:40Z	timing	Rejected v4 timing evidence after actual binary contained LLVM profile and coverage sections	CLANG_ENABLE_CODE_COVERAGE=NO did not disable Swift scheme coverage; successful correctness checks did not establish clean timing	/private/tmp/swiftsci-migration4/instrumented-load-commands.txt	Prior 7d01ff5eb9 run outputs remain valid; their timings are diagnostic only and will not be used as production measurements
2026-09-27T02:10:41Z	build	Added explicit Xcode coverage disable flag and actual Mach-O instrumentation rejection at build and run	Prevent the same configuration mistake from passing unnoticed again	Benchmarks/Tests/test_runner.py	Regression gate rejected the existing instrumented executable; uninstrumented v5 rebuild pending
2026-09-27T02:12:43Z	build	Xcode rejected the testing-only coverage flag during build; switched to SWIFT_ENABLE_CODE_COVERAGE=NO	The build action requires the Swift compiler setting, separately from Clang; binary rejection remains the evidence gate	/private/tmp/swiftsci-migration4/final-build.log	Exit 64; no new worker accepted and no timing run started
2026-09-27T02:19:36Z	build	Isolated builds remained instrumented even with Swift/Clang coverage settings NO and testability NO	The generated SwiftPM build action ignored those settings; inspect machine code instead of trusting effective settings	/private/tmp/swiftsci-migration4/still-instrumented-load-commands.txt	NOT VERIFIED; testability was not the cause; testing the coverage-disabled build-for-testing action
2026-09-27T02:23:20Z	build	Package-level Release build-for-testing produced an uninstrumented worker at a9a5539e89	Use the action that honors explicit coverage disabling and prove the resulting executable	/private/tmp/swiftsci-migration4/uninstrumented-load-commands.txt	VERIFIED by parent and independent reviewer; worker SHA-256 cf591b42f4dbe86d0172895dc73df66c5d297664ccc07402131f319ea277ddf2
2026-09-27T02:28:25Z	production-v5	Uninstrumented v5 run passed all 216 processes and 1080 measured output checks	Replace diagnostic instrumented timings without changing workload tolerances or discarding samples	Benchmarks/Runs/migration-production-v5/run.json	VERIFIED; 30 measured Parquet files independently validated; v4/v5 comparison explicitly rejected
2026-09-27T02:30:07Z	final-v5	All uninstrumented migration, original smoke and NIST cases passed at a9a5539e89	Complete the final build and measurement gate after correcting instrumentation	/private/tmp/swiftsci-migration4/final-results.json	VERIFIED: 370 fresh-process checks, 1234 measured outputs and four successful evidence audits
2026-09-27T02:32:10Z	boundary	Archive private plan, rationale, review and run evidence on the engineering-notes branch only	Keep development records out of contribution history while preserving reproducible evidence	/private/tmp/swiftsci-migration4/archive-notes.py	Contribution history guard passes; notes-only commit and push are the final administrative step
